Model,model,rmse,mae,directional_accuracy
LinearRegression,Linear Regression,2.0654736083621463,1.5769805716698213,68.88
LSTM,LSTM,5.516093368541745,4.6147723647783385,52.61
RandomForest,RandomForest,10.588579427137095,8.043706500019836,63.9
XGBoost,XGBoost,10.746163403438295,8.34767012162642,67.63
